Year,Raw_Gap,Without_FICO_Unexplained,Without_FICO_Pct,With_FICO_Unexplained,With_FICO_Pct,Change_pp,Change_Pct
2020,14.699325696855237,14.036747778595505,95.49246045754681,14.101426119536475,95.9324693550625,0.06467834094097036,0.44000889751568195
2021,13.006099858511021,12.346837745064876,94.931131387441,12.386579421508548,95.23669321516805,0.03974167644367199,0.3055618277270469
2022,14.193341366561697,13.64048627388128,96.10482776111554,14.130545535138083,99.55756837095771,0.4900592612568033,3.4527406098421665
2023,15.360320088605183,15.100720330021034,98.30993262453735,15.20533676277963,98.99101499883115,0.104616432758597,0.6810823742937941
2024,14.969054262286152,14.638295626647535,97.79038388235422,14.646111490471391,97.84259736015254,0.007815863823855906,0.05221347779831831
Mean,14.44562825456386,13.952617550842046,96.52574722259898,14.093999865886826,97.51206866003437,0.14138231504477972,0.9863214374354016
