Scenario,FICO_Gap,Pct_Unexplained
No Gap,0,97.83756065941415
Small Gap (30pt),30,98.11214700885623
Baseline (57pt),57,98.12210257300316
Large Gap (80pt),80,98.26504306344478
Huge Gap (100pt),100,97.93855980615052
