Race,Mean,Median,Std,Pct_Subprime,N
White,732.082594889274,733.1600334682183,64.55865652134808,4.529436256698938,4479255
Black,672.8829481792109,673.1510088069845,75.46916705230282,24.325725643069067,520745
