Year,Total_Obs,Total_Missing_Pct,Approved_Obs,Approved_Missing_Pct,Denied_Obs,Denied_Missing_Pct
2020,11682272,18.616361611850845,9914413,4.105396860106595,1767859,99.99598384260283
2021,12011415,18.9750000312203,10219497,4.767915681172958,1791918,99.99949774487449
2022,7576765,25.635399804533993,5997522,6.055600963197801,1579243,99.993984459643
2023,5403469,28.413450692508828,4097504,5.597700453739642,1305965,99.99854513712083
2024,5649598,27.876443598287874,4322743,5.739688896610324,1326855,99.99547802887278
